{
  "24ada76ade1eee3aa30192832ee8a3ff3097bb3fb2c52d464b22c70182200950": {
    "poolId": "24ada76ade1eee3aa30192832ee8a3ff3097bb3fb2c52d464b22c70182200950",
    "symbol": "TAKE/USDT@17DEC2025",
    "underlyingSymbol": "TAKE",
    "strikePrice": 0.195,
    "enabled": true,
    "createdAt": 1765826952114,
    "updatedAt": 1765826952114,
    "conditions": {
      "apyBelow": 90,
      "apyAbove": null,
      "priceToStrikeBelow": 50,
      "priceToStrikeAbove": null,
      "tvlBelow": 1000,
      "tvlDropPercent": null,
      "utilizationAbove": null,
      "notifyOnMaturity": true,
      "maturityNotified": false,
      "investedAmount": 100,
      "investedAt": null,
      "investedPrice": null
    },
    "cooldownMinutes": 30
  },
  "fa7a451a00a981892c4856373dcdb685851a8c96c5700a786d05fbd00052f6af": {
    "poolId": "fa7a451a00a981892c4856373dcdb685851a8c96c5700a786d05fbd00052f6af",
    "symbol": "ESPORTS/USDT@19DEC2025",
    "underlyingSymbol": "ESPORTS",
    "strikePrice": 0.2,
    "enabled": true,
    "createdAt": 1765826982228,
    "updatedAt": 1765826982228,
    "conditions": {
      "apyBelow": 90,
      "apyAbove": null,
      "priceToStrikeBelow": 50,
      "priceToStrikeAbove": null,
      "tvlBelow": 1000,
      "tvlDropPercent": null,
      "utilizationAbove": null,
      "notifyOnMaturity": true,
      "maturityNotified": false,
      "investedAmount": 1000,
      "investedAt": null,
      "investedPrice": null
    },
    "cooldownMinutes": 30
  }
}